﻿<?xml version="1.0" encoding="utf-8"?>
<component format="1" id="stripe">
  <name>Stripe</name>
  <publisher>Xamarin Inc</publisher>
  <publisher-url>http://xamarin.com</publisher-url>
  <version>1.0.3</version>
  <summary>Mobile Payments built for Developers</summary>
  <samples>
    <sample id="StripeSampleiOS">
      <name>iOS Unified Sample</name>
      <summary>iOS Unified Sample</summary>
    </sample>
    <sample id="StripeSampleAndroid">
      <name>Android Sample</name>
      <summary>Android Sample</summary>
    </sample>
  </samples>
</component>