﻿<?xml version="1.0" encoding="utf-8"?>
<component format="1" id="DeviceInfoPlugin" is-shell="true">
  <name>Device Info Plugin</name>
  <publisher>James Montemagno</publisher>
  <publisher-url>http://www.github.com/jamesmontemagno/Xamarin.Plugins</publisher-url>
  <version>1.0.0.2</version>
  <summary>Get device information such as Model, OS, and other properties.</summary>
  <packages>
    <package id="Xam.Plugin.DeviceInfo" version="1.0.0.2" framework="winphone-8.1" />
    <package id="Xam.Plugin.DeviceInfo" version="1.0.0.2" framework="ios-unified" />
    <package id="Xam.Plugin.DeviceInfo" version="1.0.0.2" framework="android" />
    <package id="Xam.Plugin.DeviceInfo" version="1.0.0.2" framework="winphone-8.0" />
    <package id="Xam.Plugin.DeviceInfo" version="1.0.0.2" framework="ios" />
  </packages>
  <samples>
    <sample id="DeviceInfoSample">
      <name>Android Sample</name>
      <summary>Android Sample</summary>
    </sample>
    <sample id="DeviceInfoSample">
      <name>WindowsPhone Sample</name>
      <summary>WindowsPhone Sample</summary>
    </sample>
    <sample id="DeviceInfoSample">
      <name>iOS Sample</name>
      <summary>iOS Sample</summary>
    </sample>
  </samples>
</component>