<?xml version="1.0"?>
<doc>
    <assembly>
        <name>Refractored.Xam.Vibrate</name>
    </assembly>
    <members>
        <member name="T:Refractored.Xam.Vibrate.Vibrate">
            <summary>
            Windows Phone implemenation of Vibrate
            </summary>
        </member>
        <member name="M:Refractored.Xam.Vibrate.Vibrate.Vibration(System.Int32)">
            <summary>
            Vibrate device for set amount of time
            </summary>
            <param name="milliseconds">Time in MS (500ms is default).</param>
        </member>
        <member name="P:Refractored.Xam.Vibrate.CrossVibrate.Current">
            <summary>
            Current settings to use
            </summary>
        </member>
    </members>
</doc>
