﻿<?xml version="1.0" encoding="utf-8"?>
<component format="1" id="cardioios">
  <name>Card.io for iOS</name>
  <publisher>Xamarin Inc</publisher>
  <publisher-url>https://xamarin.com</publisher-url>
  <src-url>https://github.com/card-io/card.io-iOS-SDK</src-url>
  <version>5.0.0.0</version>
  <summary>Credit card scanning for mobile apps</summary>
  <samples>
    <sample id="CardIOSampleIOS">
      <name>iOS Unified Sample</name>
      <summary>iOS Unified Sample</summary>
    </sample>
    <sample id="CardIOSampleIOS-Classic">
      <name>iOS Classic Sample</name>
      <summary>iOS Classic Sample</summary>
    </sample>
  </samples>
</component>