﻿<?xml version="1.0" encoding="utf-8"?>
<component format="1" id="VibratePlugin" is-shell="true">
  <name>Vibrate Plugin</name>
  <publisher>James Montemagno</publisher>
  <publisher-url>http://www.github.com/jamesmontemagno/Xamarin.Plugins</publisher-url>
  <version>1.0.0.5</version>
  <summary>Easily access the vibrate feature of any device.</summary>
  <packages>
    <package id="Xam.Plugins.Vibrate" version="1.0.0.5" framework="winphone-8.1" />
    <package id="Xam.Plugins.Vibrate" version="1.0.0.5" framework="ios-unified" />
    <package id="Xam.Plugins.Vibrate" version="1.0.0.5" framework="android" />
    <package id="Xam.Plugins.Vibrate" version="1.0.0.5" framework="winphone-8.0" />
    <package id="Xam.Plugins.Vibrate" version="1.0.0.5" framework="ios" />
  </packages>
  <samples>
    <sample id="VibrateSample">
      <name>Android Sample</name>
      <summary>Android Sample</summary>
    </sample>
    <sample id="VibrateSample">
      <name>WindowsPhone Sample</name>
      <summary>WindowsPhone Sample</summary>
    </sample>
    <sample id="VibrateSample">
      <name>iOS Sample</name>
      <summary>iOS Sample</summary>
    </sample>
  </samples>
</component>