﻿<?xml version="1.0" encoding="utf-8"?>
<component format="1" id="lock-screen">
  <name>Lock Screen</name>
  <publisher>Touch Instinct</publisher>
  <publisher-url>http://touchinstinct.com/</publisher-url>
  <version>1.1.1</version>
  <summary>Add passcode protection to your app in a few lines of code.</summary>
  <screenshots>
    <img src="screenshots/screenshot.jpg" title="screenshot" />
  </screenshots>
  <samples>
    <sample id="LockScreen.Android.Component-Sample">
      <name>Android Sample</name>
      <summary>Android Sample</summary>
    </sample>
    <sample id="LockScreen.iOS.Component-Sample-Classic">
      <name>iOS Classic Sample</name>
      <summary>iOS Classic Sample</summary>
    </sample>
    <sample id="LockScreen.iOS.Component-Sample">
      <name>iOS Unified Sample</name>
      <summary>iOS Unified Sample</summary>
    </sample>
  </samples>
</component>