﻿<?xml version="1.0" encoding="utf-8"?>
<component format="1" id="servicestacktext">
  <name>ServiceStack.Text</name>
  <publisher>Xamarin Inc</publisher>
  <publisher-url>https://xamarin.com</publisher-url>
  <version>3.9.61.3</version>
  <summary>.NET's fastest JSON, JSV and CSV Text Serializers</summary>
  <samples>
    <sample id="ServiceStackTextSampleAndroid">
      <name>Android Sample</name>
      <summary>Android Sample</summary>
    </sample>
    <sample id="ServiceStackTextSampleiOS">
      <name>iOS Unified Sample</name>
      <summary>iOS Unified Sample</summary>
    </sample>
    <sample id="ServiceStackTextSampleiOS-Classic">
      <name>iOS Classic Sample</name>
      <summary>iOS Classic Sample</summary>
    </sample>
  </samples>
</component>